{
    "name": "Chilaquiles with Homemade Tomato Sauce",
    "description": "Chilaquiles with Homemade Tomato Sauce",
    "img": "https://www.allrecipes.com/thmb/JAPFvpdktr_13Zwwt_3s6ERkWiI=/750x0/filters:no_upscale():max_bytes(150000):strip_icc():format(webp)/8403873_Chilaquiles-with-Homemade-Tomato-Sauce_Dotdash-Meredith-Food-Studios_4x3-0cb698efb0db46b484604f1d064b7c39.jpg",
    "nutrients": {
        "calories": "816 kcal",
        "carbohydrateContent": "68 g",
        "cholesterolContent": "209 mg",
        "fiberContent": "18 g",
        "proteinContent": "20 g",
        "saturatedFatContent": "11 g",
        "sodiumContent": "763 mg",
        "sugarContent": "11 g",
        "fatContent": "55 g",
        "unsaturatedFatContent": "0 g"
    },
    "ingredients": [
        {
            "name": "corn tortillas",
            "main_ingredient": "corn",
            "classifier": "",
            "amount": 16.0,
            "unit": "pieces"
        },
        {
            "name": "oil",
            "main_ingredient": "oil",
            "classifier": "",
            "amount": 2.0,
            "unit": "cups"
        },
        {
            "name": "kosher salt",
            "main_ingredient": "salt",
            "classifier": "",
            "amount": 1.0,
            "unit": "teaspoon"
        },
        {
            "name": "water",
            "main_ingredient": "water",
            "classifier": "",
            "amount": 2.0,
            "unit": "cups"
        },
        {
            "name": "chiles",
            "main_ingredient": "chiles",
            "classifier": "",
            "amount": 2.0,
            "unit": "pieces"
        },
        {
            "name": "white onion",
            "main_ingredient": "onion",
            "classifier": "",
            "amount": 1.0,
            "unit": "piece"
        },
        {
            "name": "garlic",
            "main_ingredient": "garlic",
            "classifier": "",
            "amount": 3.0,
            "unit": "cloves"
        },
        {
            "name": "tomatoes",
            "main_ingredient": "tomatoes",
            "classifier": "",
            "amount": 4.0,
            "unit": "pieces"
        },
        {
            "name": "jalapenos",
            "main_ingredient": "jalapenos",
            "classifier": "",
            "amount": 2.0,
            "unit": "pieces"
        },
        {
            "name": "ground cumin",
            "main_ingredient": "cumin",
            "classifier": "",
            "amount": 1.0,
            "unit": "teaspoon"
        },
        {
            "name": "fire-roasted diced tomatoes",
            "main_ingredient": "tomatoes",
            "classifier": "fire-roasted diced",
            "amount": 1.0,
            "unit": "can"
        },
        {
            "name": "red wine vinegar",
            "main_ingredient": "vinegar",
            "classifier": "",
            "amount": 2.0,
            "unit": "teaspoons"
        },
        {
            "name": "olive oil",
            "main_ingredient": "oil",
            "classifier": "",
            "amount": 1.0,
            "unit": "tablespoon"
        },
        {
            "name": "eggs",
            "main_ingredient": "eggs",
            "classifier": "",
            "amount": 4.0,
            "unit": "pieces"
        },
        {
            "name": "queso fresco",
            "main_ingredient": "queso fresco",
            "classifier": "",
            "amount": 0.5,
            "unit": "cup"
        },
        {
            "name": "avocado",
            "main_ingredient": "avocado",
            "classifier": "",
            "amount": 1.0,
            "unit": "piece"
        },
        {
            "name": "crema",
            "main_ingredient": "crema",
            "classifier": "",
            "amount": 0.25,
            "unit": "cup"
        },
        {
            "name": "radish",
            "main_ingredient": "radish",
            "classifier": "",
            "amount": 0.0,
            "unit": "sliced"
        },
        {
            "name": "hot sauce",
            "main_ingredient": "sauce",
            "classifier": "",
            "amount": 0.0,
            "unit": ""
        },
        {
            "name": "cilantro",
            "main_ingredient": "cilantro",
            "classifier": "",
            "amount": 0.0,
            "unit": "chopped"
        }
    ],
    "steps": [
        {
            "step_id": "Chilaquiles with Homemade Tomato Sauce-1",
            "name": "Fry tortillas",
            "description": "Cut each tortilla into 8 wedges. Heat oil to 350 degrees F (180 degrees C) in a large pot over medium-high heat. Add tortillas to fry in batches, taking care not to crowd the pot. Cook, stirring constantly until golden and crispy, 1 to 2 minutes. Remove from oil with a slotted spoon and drain well on paper towels. Sprinkle with salt to taste immediately. Repeat with remaining tortillas.",
            "time": "16",
            "hardware": ["large pot"],
            "ingredients": [
                {
                    "name": "corn tortillas",
                    "main_ingredient": "corn",
                    "classifier": "",
                    "amount": 16.0,
                    "unit": "pieces"
                },
                {
                    "name": "oil",
                    "main_ingredient": "oil",
                    "classifier": "",
                    "amount": 2.0,
                    "unit": "cups"
                },
                {
                    "name": "kosher salt",
                    "main_ingredient": "salt",
                    "classifier": "",
                    "amount": 1.0,
                    "unit": "teaspoon"
                }
            ],
            "active": 1,
            "dependency": [],
            "order_id": "1"
        },
        {
            "step_id": "Chilaquiles with Homemade Tomato Sauce-2",
            "name": "Make tomato sauce",
            "description": "In a large saucepan, add water and guajillo chiles. Bring mixture to a boil over high heat, reduce temperature, and simmer until chiles soften, about 5 minutes. Return heat to medium-high and add onion, garlic, tomatoes, jalapenos, cumin, and 1 teaspoon salt. Cook, stirring occasionally, until onion has softened, about 10 minutes. Remove from heat and carefully pour mixture into a blender or food processor. Add canned tomatoes, vinegar, and olive oil. Remove center from the lid to allow steam to escape and blend until smooth, about 1 minute, scraping down the sides as necessary.",
            "time": "16",
            "hardware": ["saucepan", "blender or food processor"],
            "ingredients": [
                {
                    "name": "water",
                    "main_ingredient": "water",
                    "classifier": "",
                    "amount": 2.0,
                    "unit": "cups"
                },
                {
                    "name": "chiles",
                    "main_ingredient": "chiles",
                    "classifier": "",
                    "amount": 2.0,
                    "unit": "pieces"
                },
                {
                    "name": "white onion",
                    "main_ingredient": "onion",
                    "classifier": "",
                    "amount": 1.0,
                    "unit": "piece"
                },
                {
                    "name": "garlic",
                    "main_ingredient": "garlic",
                    "classifier": "",
                    "amount": 3.0,
                    "unit": "cloves"
                },
                {
                    "name": "tomatoes",
                    "main_ingredient": "tomatoes",
                    "classifier": "",
                    "amount": 4.0,
                    "unit": "pieces"
                },
                {
                    "name": "jalapenos",
                    "main_ingredient": "jalapenos",
                    "classifier": "",
                    "amount": 2.0,
                    "unit": "pieces"
                },
                {
                    "name": "ground cumin",
                    "main_ingredient": "cumin",
                    "classifier": "",
                    "amount": 1.0,
                    "unit": "teaspoon"
                },
                {
                    "name": "canned tomatoes",
                    "main_ingredient": "tomatoes",
                    "classifier": "fire-roasted diced",
                    "amount": 1.0,
                    "unit": "can"
                },
                {
                    "name": "red wine vinegar",
                    "main_ingredient": "vinegar",
                    "classifier": "",
                    "amount": 2.0,
                    "unit": "teaspoons"
                },
                {
                    "name": "olive oil",
                    "main_ingredient": "oil",
                    "classifier": "",
                    "amount": 1.0,
                    "unit": "tablespoon"
                },
                {
                    "name": "kosher salt",
                    "main_ingredient": "salt",
                    "classifier": "",
                    "amount": 1.0,
                    "unit": "teaspoon"
                }
            ],
            "active": 1,
            "dependency": ["Chilaquiles with Homemade Tomato Sauce-1"],
            "order_id": "2"
        },
        {
            "step_id": "Chilaquiles with Homemade Tomato Sauce-3",
            "name": "Simmer sauce with chips",
            "description": "In a large skillet over medium heat, add 1 cup of sauce and bring to a simmer, stirring often. Add 1/4 of the chips and cook about 3 minutes, stirring frequently, until the chips are well-coated in sauce and fully heated through. Place chips on a plate.",
            "time": "3",
            "hardware": ["large skillet"],
            "ingredients": [
                {
                    "name": "sauce",
                    "main_ingredient": "sauce",
                    "classifier": "",
                    "amount": 1.0,
                    "unit": "cup"
                },
                {
                    "name": "corn tortillas",
                    "main_ingredient": "corn",
                    "classifier": "",
                    "amount": 16.0,
                    "unit": "pieces"
                }
            ],
            "active": 1,
            "dependency": ["Chilaquiles with Homemade Tomato Sauce-2"],
            "order_id": "3"
        },
        {
            "step_id": "Chilaquiles with Homemade Tomato Sauce-4",
            "name": "Cook eggs and assemble",
            "description": "In a separate small skillet, heat 1/2 tablespoon butter over medium heat. Crack an egg into the butter and cook over easy or as desired. Add egg to chips and top with queso fresco, avocado, crema, and any other desired toppings.",
            "time": "5",
            "hardware": ["small skillet"],
            "ingredients": [
                {
                    "name": "butter",
                    "main_ingredient": "butter",
                    "classifier": "",
                    "amount": 0.5,
                    "unit": "tablespoon"
                },
                {
                    "name": "eggs",
                    "main_ingredient": "eggs",
                    "classifier": "",
                    "amount": 1.0,
                    "unit": "piece"
                },
                {
                    "name": "queso fresco",
                    "main_ingredient": "queso fresco",
                    "classifier": "",
                    "amount": 0.5,
                    "unit": "cup"
                },
                {
                    "name": "avocado",
                    "main_ingredient": "avocado",
                    "classifier": "",
                    "amount": 1.0,
                    "unit": "piece"
                },
                {
                    "name": "crema",
                    "main_ingredient": "crema",
                    "classifier": "",
                    "amount": 0.25,
                    "unit": "cup"
                }
            ],
            "active": 1,
            "dependency": ["Chilaquiles with Homemade Tomato Sauce-3"],
            "order_id": "4"
        }
    ],
    "prepTime": "0",
    "cookTime": "40",
    "servings": 4
}
