{
    "name": "Indian Fish Curry",
    "description": "Indian Fish Curry",
    "img": "https://www.allrecipes.com/thmb/Xl6iYctydpUvkny-XcElHwcXBxA=/750x0/filters:no_upscale():max_bytes(150000):strip_icc():format(webp)/779645-c4809e59eee04b1abfb4a516606d09c0.jpg",
    "nutrients": {
        "calories": "338 kcal",
        "carbohydrateContent": "12 g",
        "cholesterolContent": "56 mg",
        "fiberContent": "2 g",
        "proteinContent": "42 g",
        "saturatedFatContent": "1 g",
        "sodiumContent": "2715 mg",
        "sugarContent": "5 g",
        "fatContent": "14 g",
        "unsaturatedFatContent": "0 g"
    },
    "ingredients": [
        {
            "name": "Canola oil",
            "main_ingredient": "Oil",
            "classifier": "",
            "amount": 3.0,
            "unit": "tablespoons"
        },
        {
            "name": "Dijon mustard",
            "main_ingredient": "Condiment",
            "classifier": "",
            "amount": 2.0,
            "unit": "teaspoons"
        },
        {
            "name": "Black pepper",
            "main_ingredient": "Seasoning",
            "classifier": "Ground",
            "amount": 1.0,
            "unit": "teaspoon"
        },
        {
            "name": "Salt",
            "main_ingredient": "Seasoning",
            "classifier": "",
            "amount": 1.5,
            "unit": "teaspoons"
        },
        {
            "name": "White fish fillets",
            "main_ingredient": "Fish",
            "classifier": "",
            "amount": 4.0,
            "unit": "fillets"
        },
        {
            "name": "Onion",
            "main_ingredient": "Vegetable",
            "classifier": "Medium",
            "amount": 1.0,
            "unit": ""
        },
        {
            "name": "Garlic",
            "main_ingredient": "Vegetable",
            "classifier": "",
            "amount": 4.0,
            "unit": "cloves"
        },
        {
            "name": "Ginger root",
            "main_ingredient": "Vegetable",
            "classifier": "Fresh",
            "amount": 1.0,
            "unit": "inch piece"
        },
        {
            "name": "Cashew halves",
            "main_ingredient": "Nut",
            "classifier": "",
            "amount": 5.0,
            "unit": ""
        },
        {
            "name": "Cayenne pepper",
            "main_ingredient": "Seasoning",
            "classifier": "",
            "amount": 2.0,
            "unit": "teaspoons"
        },
        {
            "name": "Ground cumin",
            "main_ingredient": "Seasoning",
            "classifier": "Ground",
            "amount": 1.0,
            "unit": "teaspoon"
        },
        {
            "name": "Ground coriander",
            "main_ingredient": "Seasoning",
            "classifier": "Ground",
            "amount": 1.0,
            "unit": "teaspoon"
        },
        {
            "name": "White sugar",
            "main_ingredient": "Sweetener",
            "classifier": "",
            "amount": 1.0,
            "unit": "teaspoon"
        },
        {
            "name": "Ground turmeric",
            "main_ingredient": "Seasoning",
            "classifier": "Ground",
            "amount": 0.5,
            "unit": "teaspoon"
        },
        {
            "name": "Tomato",
            "main_ingredient": "Vegetable",
            "classifier": "Chopped",
            "amount": 0.5,
            "unit": "cup"
        },
        {
            "name": "Vegetable broth",
            "main_ingredient": "Broth",
            "classifier": "",
            "amount": 0.25,
            "unit": "cup"
        },
        {
            "name": "Cilantro",
            "main_ingredient": "Herb",
            "classifier": "Chopped Fresh",
            "amount": 0.25,
            "unit": "cup"
        }
    ],
    "steps": [
        {
            "step_id": "Indian Fish Curry-1",
            "name": "Marinate Fish",
            "description": "Mix oil, mustard, black pepper, and salt, then marinate fish in the mixture.",
            "time": "20",
            "hardware": ["Shallow glass bowl"],
            "ingredients": [
                {
                    "name": "Canola oil",
                    "main_ingredient": "Oil",
                    "classifier": "",
                    "amount": 2.0,
                    "unit": "tablespoons"
                },
                {
                    "name": "Dijon mustard",
                    "main_ingredient": "Condiment",
                    "classifier": "",
                    "amount": 2.0,
                    "unit": "teaspoons"
                },
                {
                    "name": "Black pepper",
                    "main_ingredient": "Seasoning",
                    "classifier": "Ground",
                    "amount": 1.0,
                    "unit": "teaspoon"
                },
                {
                    "name": "Salt",
                    "main_ingredient": "Seasoning",
                    "classifier": "",
                    "amount": 0.5,
                    "unit": "teaspoon"
                },
                {
                    "name": "White fish fillets",
                    "main_ingredient": "Fish",
                    "classifier": "",
                    "amount": 4.0,
                    "unit": "fillets"
                }
            ],
            "active": 1,
            "dependency": [],
            "order_id": "1"
        },
        {
            "step_id": "Indian Fish Curry-2",
            "name": "Prepare Cashew Paste",
            "description": "Blend onion, garlic, ginger, and cashews to make a paste.",
            "time": "4",
            "hardware": ["Blender"],
            "ingredients": [
                {
                    "name": "Onion",
                    "main_ingredient": "Vegetable",
                    "classifier": "Coarsely chopped",
                    "amount": 1.0,
                    "unit": "medium"
                },
                {
                    "name": "Garlic",
                    "main_ingredient": "Vegetable",
                    "classifier": "Roughly chopped",
                    "amount": 4.0,
                    "unit": "cloves"
                },
                {
                    "name": "Ginger root",
                    "main_ingredient": "Vegetable",
                    "classifier": "Peeled and chopped",
                    "amount": 1.0,
                    "unit": "inch piece"
                },
                {
                    "name": "Cashew halves",
                    "main_ingredient": "Nut",
                    "classifier": "",
                    "amount": 5.0,
                    "unit": ""
                }
            ],
            "active": 1,
            "dependency": [],
            "order_id": "2"
        },
        {
            "step_id": "Indian Fish Curry-3",
            "name": "Preheat Oven",
            "description": "Preheat the oven to 350°F (175°C).",
            "time": "20",
            "hardware": ["Oven"],
            "ingredients": [],
            "active": 0,
            "dependency": [],
            "order_id": "3"
        },
        {
            "step_id": "Indian Fish Curry-4",
            "name": "Cook Cashew Paste",
            "description": "Cook cashew paste with spices and tomato.",
            "time": "5",
            "hardware": ["Skillet"],
            "ingredients": [
                {
                    "name": "Cashew paste",
                    "main_ingredient": "Nut",
                    "classifier": "",
                    "amount": 1.0,
                    "unit": ""
                },
                {
                    "name": "Cayenne pepper",
                    "main_ingredient": "Seasoning",
                    "classifier": "",
                    "amount": 2.0,
                    "unit": "teaspoons"
                },
                {
                    "name": "Salt",
                    "main_ingredient": "Seasoning",
                    "classifier": "",
                    "amount": 1.0,
                    "unit": "teaspoon"
                },
                {
                    "name": "Ground cumin",
                    "main_ingredient": "Seasoning",
                    "classifier": "Ground",
                    "amount": 1.0,
                    "unit": "teaspoon"
                },
                {
                    "name": "Ground coriander",
                    "main_ingredient": "Seasoning",
                    "classifier": "Ground",
                    "amount": 1.0,
                    "unit": "teaspoon"
                },
                {
                    "name": "White sugar",
                    "main_ingredient": "Sweetener",
                    "classifier": "",
                    "amount": 1.0,
                    "unit": "teaspoon"
                },
                {
                    "name": "Ground turmeric",
                    "main_ingredient": "Seasoning",
                    "classifier": "Ground",
                    "amount": 0.5,
                    "unit": "teaspoon"
                },
                {
                    "name": "Tomato",
                    "main_ingredient": "Vegetable",
                    "classifier": "Chopped",
                    "amount": 0.5,
                    "unit": "cup"
                },
                {
                    "name": "Vegetable broth",
                    "main_ingredient": "Broth",
                    "classifier": "",
                    "amount": 0.25,
                    "unit": "cup"
                }
            ],
            "active": 1,
            "dependency": ["Indian Fish Curry-2"],
            "order_id": "4"
        },
        {
            "step_id": "Indian Fish Curry-5",
            "name": "Bake Fish",
            "description": "Arrange marinated fish in a baking dish with sauce and bake until done.",
            "time": "30",
            "hardware": ["Baking dish"],
            "ingredients": [
                {
                    "name": "Canola oil",
                    "main_ingredient": "Oil",
                    "classifier": "",
                    "amount": 1.0,
                    "unit": "tablespoon"
                },
                {
                    "name": "White fish fillets",
                    "main_ingredient": "Fish",
                    "classifier": "",
                    "amount": 4.0,
                    "unit": "fillets"
                },
                {
                    "name": "Sauce",
                    "main_ingredient": "Misc",
                    "classifier": "",
                    "amount": 1.0,
                    "unit": ""
                }
            ],
            "active": 1,
            "dependency": ["Indian Fish Curry-1", "Indian Fish Curry-4"],
            "order_id": "5"
        },
        {
            "step_id": "Indian Fish Curry-6",
            "name": "Garnish",
            "description": "Garnish baked fish with cilantro before serving.",
            "time": "2",
            "hardware": [],
            "ingredients": [
                {
                    "name": "Cilantro",
                    "main_ingredient": "Herb",
                    "classifier": "Chopped Fresh",
                    "amount": 0.25,
                    "unit": "cup"
                }
            ],
            "active": 0,
            "dependency": ["Indian Fish Curry-5"],
            "order_id": "6"
        }
    ],
    "prepTime": "44",
    "cookTime": "32",
    "servings": 4
}
