{
    "name": "Easy Fried Rice",
    "description": "Easy Fried Rice",
    "img": "https://www.allrecipes.com/thmb/-695p6NRUJBW08joTDDq9xrMiyM=/750x0/filters:no_upscale():max_bytes(150000):strip_icc():format(webp)/79543-fried-rice-restaurant-style-DDMFS-4x3-b79a6ea27e0344399257ca1df67ca1cd.jpg",
    "nutrients": {
        "calories": "152 kcal",
        "carbohydrateContent": "19 g",
        "cholesterolContent": "47 mg",
        "fiberContent": "1 g",
        "proteinContent": "4 g",
        "saturatedFatContent": "1 g",
        "sodiumContent": "150 mg",
        "fatContent": "7 g",
        "unsaturatedFatContent": "0 g"
    },
    "ingredients": [
        {
            "name": "baby carrots",
            "main_ingredient": "carrots",
            "classifier": "chopped",
            "amount": "\u2154",
            "unit": "cup"
        },
        {
            "name": "frozen green peas",
            "main_ingredient": "green peas",
            "classifier": "",
            "amount": "\u00bd",
            "unit": "cup"
        },
        {
            "name": "vegetable oil",
            "main_ingredient": "oil",
            "classifier": "",
            "amount": "2",
            "unit": "tablespoons"
        },
        {
            "name": "garlic",
            "main_ingredient": "garlic",
            "classifier": "",
            "amount": "1",
            "unit": "clove"
        },
        {
            "name": "eggs",
            "main_ingredient": "eggs",
            "classifier": "",
            "amount": "2",
            "unit": "large"
        },
        {
            "name": "leftover white rice",
            "main_ingredient": "rice",
            "classifier": "",
            "amount": "3",
            "unit": "cups"
        },
        {
            "name": "soy sauce",
            "main_ingredient": "sauce",
            "classifier": "",
            "amount": "1",
            "unit": "tablespoon"
        },
        {
            "name": "sesame oil",
            "main_ingredient": "oil",
            "classifier": "",
            "amount": "2",
            "unit": "teaspoons"
        }
    ],
    "steps": [
        {
            "step_id": "1",
            "name": "Assemble ingredients",
            "description": "Assemble ingredients",
            "time": "5",
            "hardware": [],
            "ingredients": [],
            "active": 0,
            "dependency": []
        },
        {
            "step_id": "2",
            "name": "Cook carrots and peas",
            "description": "Place carrots in a small saucepan and cover with water. Bring to a low boil and cook for 3 to 5 minutes. Stir in peas, then immediately drain in a colander.",
            "time": "7",
            "hardware": [
                "saucepan",
                "colander"
            ],
            "ingredients": [
                "baby carrots",
                "frozen green peas"
            ],
            "active": 1,
            "dependency": [
                "1"
            ]
        },
        {
            "step_id": "3",
            "name": "Stir Fry",
            "description": "Heat a wok over high heat. Pour in vegetable oil, then stir in carrots, peas, and garlic; cook for about 30 seconds. Add eggs; stir quickly to scramble eggs with vegetables.",
            "time": "5",
            "hardware": [
                "wok"
            ],
            "ingredients": [
                "vegetable oil",
                "baby carrots",
                "frozen green peas",
                "garlic",
                "eggs"
            ],
            "active": 1,
            "dependency": [
                "2"
            ]
        },
        {
            "step_id": "4",
            "name": "Finish and Serve",
            "description": "Stir in cooked rice. Add soy sauce and toss rice to coat. Drizzle with sesame oil and toss again. Serve hot and enjoy!",
            "time": "3",
            "hardware": [],
            "ingredients": [
                "leftover white rice",
                "soy sauce",
                "sesame oil"
            ],
            "active": 1,
            "dependency": [
                "3"
            ]
        }
    ],
    "prepTime": "5",
    "cookTime": "15",
    "servings": "8 servings"
}