{
    "name": "Glazed Baked Ham",
    "description": "Glazed Baked Ham",
    "img": "https://www.allrecipes.com/thmb/OXRW7ZwRMYDLpeMsn14lO5adgsc=/750x0/filters:no_upscale():max_bytes(150000):strip_icc():format(webp)/4449742-glazed-baked-ham-Jessica-4x3-1-7d4905b902e34a8eb0df3e66ea63a5de.jpg",
    "nutrients": {
        "calories": "281 kcal",
        "carbohydrateContent": "1 g",
        "cholesterolContent": "64 mg",
        "proteinContent": "21 g",
        "saturatedFatContent": "8 g",
        "sodiumContent": "1458 mg",
        "sugarContent": "1 g",
        "fatContent": "21 g",
        "unsaturatedFatContent": "0 g"
    },
    "ingredients": [
        {
            "name": "pre-cooked ham",
            "main_ingredient": "ham",
            "classifier": "",
            "amount": "10",
            "unit": "pounds"
        },
        {
            "name": "cola-flavored carbonated beverage",
            "main_ingredient": "beverage",
            "classifier": "cola",
            "amount": "\u00bd",
            "unit": "can (12 fluid ounce)"
        }
    ],
    "steps": [
        {
            "step_id": "1",
            "name": "Preheat oven",
            "description": "Preheat oven to 275 degrees F. (135 degrees C).",
            "time": "N/A",
            "hardware": [
                "oven"
            ],
            "ingredients": [],
            "active": 0,
            "dependency": []
        },
        {
            "step_id": "2",
            "name": "Prepare ham",
            "description": "Remove any visible excess fat from ham. Place the ham in a large turkey roasting oven bag and place in a baking dish.",
            "time": "N/A",
            "hardware": [
                "roasting bag",
                "baking dish"
            ],
            "ingredients": [],
            "active": 1,
            "dependency": []
        },
        {
            "step_id": "3",
            "name": "Glaze ham",
            "description": "Pour cola over ham, remove as much air as possible and seal bag.",
            "time": "N/A",
            "hardware": [],
            "ingredients": [
                {
                    "name": "pre-cooked ham",
                    "main_ingredient": "ham",
                    "classifier": "",
                    "amount": "10",
                    "unit": "pounds"
                },
                {
                    "name": "cola-flavored carbonated beverage",
                    "main_ingredient": "beverage",
                    "classifier": "cola",
                    "amount": "\u00bd",
                    "unit": "can (12 fluid ounce)"
                }
            ],
            "active": 0,
            "dependency": []
        },
        {
            "step_id": "4",
            "name": "Bake ham",
            "description": "Prick a few holes in bag to let steam escape and bake for 4 to 5 hours. Pour off excess juice and slice.",
            "time": "N/A",
            "hardware": [],
            "ingredients": [],
            "active": 0,
            "dependency": []
        }
    ],
    "prepTime": "N/A",
    "cookTime": "N/A",
    "servings": "40 servings"
}