{
    "name": "Teriyaki Salmon Bowl",
    "description": "Teriyaki Salmon Bowl",
    "ingredients": [
        {
            "name": "low-sodium soy sauce",
            "main_ingredient": "soy sauce",
            "classifier": "",
            "amount": 0.25,
            "unit": "cup"
        },
        {
            "name": "brown sugar",
            "main_ingredient": "sugar",
            "classifier": "",
            "amount": 3,
            "unit": "tablespoons"
        },
        {
            "name": "small clove garlic",
            "main_ingredient": "garlic",
            "classifier": "small",
            "amount": 1,
            "unit": "clove"
        },
        {
            "name": "fresh ginger",
            "main_ingredient": "ginger",
            "classifier": "fresh",
            "amount": 1,
            "unit": "tablespoon"
        },
        {
            "name": "6 ounce salmon fillet",
            "main_ingredient": "salmon",
            "classifier": "6 ounce",
            "amount": 1,
            "unit": ""
        },
        {
            "name": "grated carrots",
            "main_ingredient": "carrots",
            "classifier": "grated",
            "amount": 0.25,
            "unit": "cup"
        },
        {
            "name": "radishes",
            "main_ingredient": "radishes",
            "classifier": "",
            "amount": 2,
            "unit": ""
        },
        {
            "name": "red cabbage",
            "main_ingredient": "cabbage",
            "classifier": "red",
            "amount": 1,
            "unit": "cup"
        },
        {
            "name": "cooked rice",
            "main_ingredient": "rice",
            "classifier": "cooked",
            "amount": 1,
            "unit": "cup"
        },
        {
            "name": "sesame seeds",
            "main_ingredient": "sesame seeds",
            "classifier": "",
            "amount": 1,
            "unit": "teaspoon"
        },
        {
            "name": "green onion",
            "main_ingredient": "onion",
            "classifier": "green",
            "amount": 1,
            "unit": ""
        }
    ],
    "steps": [
        {
            "step_id": "1",
            "name": "Preheat Oven",
            "description": "Preheat the oven to 400 degrees F (200 degrees C) and spray a baking dish with cooking spray.",
            "time": 30,
            "hardware": [
                "oven",
                "baking dish"
            ],
            "ingredients": [],
            "active": 1,
            "dependency": []
        },
        {
            "step_id": "2",
            "name": "Prepare Teriyaki Sauce",
            "description": "Combine soy sauce, brown sugar, garlic, and ginger in a small bowl. Place the salmon in the prepared baking dish, skin side down. Pour teriyaki sauce over.",
            "time": 60,
            "hardware": [
                "small bowl",
                "baking dish"
            ],
            "ingredients": [
                "low-sodium soy sauce",
                "brown sugar",
                "small clove garlic",
                "fresh ginger",
                "6 ounce salmon fillet"
            ],
            "active": 1,
            "dependency": [
                "1"
            ]
        },
        {
            "step_id": "3",
            "name": "Bake Salmon",
            "description": "Bake in the preheated oven until fish flakes easily with a fork, 12 to 15 minutes.",
            "time": 900,
            "hardware": [
                "oven"
            ],
            "ingredients": [],
            "active": 1,
            "dependency": [
                "2"
            ]
        },
        {
            "step_id": "4",
            "name": "Assemble Bowl",
            "description": "Place rice in a bowl, top with salmon, and spoon over teriyaki sauce from the baking dish. Add in the shredded cabbage, grated carrots, and radishes. Sprinkle with sliced green onions and sesame seeds, to garnish.",
            "time": 0,
            "hardware": [
                "bowl"
            ],
            "ingredients": [
                "cooked rice",
                "6 ounce salmon fillet",
                "red cabbage",
                "grated carrots",
                "radishes",
                "green onion",
                "sesame seeds"
            ],
            "active": 0,
            "dependency": [
                "3"
            ]
        }
    ],
    "prepTime": 1800,
    "cookTime": 960,
    "servings": 1
}